[
{"title": "화양연화", "score": "9", "content": "", "author": "pam1****", "date": "21.01.19"},
{"title": "패왕별희 디 오리지널", "score": "10", "content": "", "author": "jinr****", "date": "21.01.19"},
{"title": "미드나잇 인 파리", "score": "6", "content": "", "author": "taaa****", "date": "21.01.19"},
{"title": "다만 악에서 구하소서", "score": "1", "content": "‘순간’이 행복하게 기억된 이유는 이뤄지지 않아서겠지,", "author": "iwon****", "date": "21.01.19"},
{"title": "#아이엠히어", "score": "1", "content": "", "author": "a_h_****", "date": "21.01.19"},
{"title": "차인표", "score": "10", "content": "", "author": "iceb****", "date": "21.01.19"},
{"title": "원더 우먼 1984", "score": "10", "content": "", "author": "lazy****", "date": "21.01.19"},
{"title": "지독한 사랑", "score": "10", "content": "", "author": "gott****", "date": "21.01.19"},
{"title": "극장판 바이올렛 에버가든", "score": "8", "content": "역대급 명작입니다!!", "author": "sixm****", "date": "21.01.19"},
{"title": "나의 작은 동무", "score": "10", "content": "", "author": "hyun****", "date": "21.01.19"}
]